vendor_no,vendor
370,Pernod Ricard USA/Austin Nichols
260,Diageo Americas
192,Sidney Frank Importing Co.
85,Brown-Forman Corporation
259,Heaven Hill Distilleries Inc.
125,Cedar Ridge VineyardsLLC
184,Four Roses Distillery
451,Serralles USA
346,"Ole Smoky Distillery, LLC"
285,"Charles Jacquin Et. Cie., Inc."
250,Homestead American Whiskey
390,Quadro Group LLC
969,Aveniu Brands
495,"M.S. Walker, Inc."
447,Stern Beverage
452,"Speakeasy Spirits, LLC"
460,Shaw Ross International Importers LL
80,Boston Beer Company
203,Honey Creek Distillery
104,"ASDSpirits, LLC"
207,Paradise Distilling Company
295,Kobrand Corporation
270,"International Beverage Co., Inc."
365,Park Street Imports LLC Voli
367,Park Street Imports LLC House Spiri
307,Liquor Group Wholesale
197,National Brokers
289,Jomada Imports LLC.
368,Park Street Imports-Berentzen
421,"Sazerac Co., Inc."
330,Monsieur Henri Wines Ltd.
267,"Imperial Brands, Inc."
287,"Chatham Imports,inc"
343,Pacific Edge Wine & Spirits
357,"Palm Bay Imports, Inc."
803,Levecke Corp
497,"WILDMAN AND SONS, F."
90,"Carriage House Imports, Ltd."
82,BuzzBox Beverages
268,Impex Beverages Inc
251,H A P LLC
372,Park Street Imports-Tanteo
226,"maDIKwe USA, Inc."
369,Park Street Imports- Caballeros
411,San Luis Spirits Inc.
108,CVI Brands
14,Adamba Imports Int'l Inc.
305,MHW Ltd
350,PARAMOUNT DISTILLERS INC.
205,E AND J GALLO WINERY
395,Proximo
434,Luxco-St Louis
300,Mccormick Distilling Company
461,Campari(skyy)
301,Fifth Generation Inc.
10,"A Hardy / U.S.A., Ltd."
418,Gunsandmore.info
389,REMY COINTREAU USA         .
154,Iowa Distilling Company
399,Rogue Ales and Spirits
413,Santa Fe Tequila Company
86,Broadbent Distillery
394,Black Rock Spirits
110,35 Maple Street
483,The Wine Group
206,Panther Distillery
308,"Mango Bottling, Inc."
469,"TY KU, LLC"
198,Frank-lin Distillers Products Ltd.
246,Louisville Distilling Co
294,Jesse James Distilling Company
91,Castle Brands
121,Cooperspiritsinternational
113,Campari
962,Duggan's Distillers Products Corp
468,Ti Beverage Group Ltd
194,Fire Tail Brands Llc
150,"Dreyfus, Ashby Co."
459,Surville Enterprises Corp
293,Jinro America Inc
489,Veev Spirits LLC
504,Woody Creek Distillers
288,Kindred Spirits Of North America
185,Evaton Inc.
885,"Yahara Bay Distillers, Inc"
347,"North Shore Distillery, LLC."
128,Clear Creek Distillery
448,St. George Spirit Inc
446,Stephen Augustus Imports
381,Windy Hill Spirits
420,"Moet Hennessy USA, Inc."
35,"Bacardi U.S.A., Inc."
284,Charles Jacquin/Independent Spirits
130,Disaronno International LLC
239,"Russian Standard Vodka, USA"
40,Bad Bear Enterprises
122,Cooper's Chase Distillery
375,Park Street - Berentzen
107,Blaum Bros. Distilling Co.
101,Artisan Grain Distillery
373,Prairie Creek Beverages LLC
503,Whyte and Machay(Americas) LimitedL
313,Vision Wine and Spirits
312,"Klin Spirits, LLC"
496,Willett Distillery
61,Biagio Cru And Estate Wines LLC
278,Intersect Beverage LLC
297,Laird And Company
492,Western Spirits Beverage Co. LLC
380,Phillips Beverage Company
115,"Constellation Wine Company, Inc."
65,Jim Beam Brands
55,Sazerac North America
240,"WILLIAM GRANT AND SONS, INC."
971,"Hood River Distillers, Inc."
306,Mississippi River Distilling Co.
410,The Patron Spirits Company
322,U.S. Distilled Prod. Co
255,Wilson Daniels Ltd.
384,Piedmont Distillers
277,Stoli Group
361,Park Street Imports-Sweet Revenge
190,Firestarter Spirits Inc.
296,F. Korbel and Brothers Inc.
391,Anchor Distilling (PREISS IMPORTS)
978,"W. J. Deutsch And Sons, Ltd."
477,Total Beverage Solutions
977,"Werner Distilling, LLC"
478,Trinchero Family Estates
371,Prichard's Distillery
417,Savvy Distillers LP
364,Park Street Imports-Domaine Canton
111,Better Brands Bev Co
229,Dehner Distillery
465,Stanley Stawski Distributing Co.
311,Modern Spirits
310,Marsalle Company/Stoller Warehouse
276,International Beverage Holdings USA
502,Vodquila LLC
204,Hillrock Estate Distillery LLC
386,Phenix Brands LLC
137,Itsko Imports Inc
463,The Country Vintner
379,Square One Organic Spirits
338,Niche Import Co.
79,Breckenridge Distillery
487,Wine Intelligence
501,Winebow Inc.
432,Seashore Marketing Group
315,Patriarch Distillers
208,Prost Beverage Company
102,Broadslab Distillery
314,Few Spirits LLC
69,Bendistillery
158,Dry Fly Distilling
263,High West Distillery LLC
155,Domaine Charbay
252,Leatherbee Distillers
